Time,Latitude,Longitude,Image
2026-03-19 22:35:29,28.61345600137949,77.20817324026761,pothole_1.jpg
2026-03-19 22:35:29,28.61320442576166,77.20851521593433,pothole_2.jpg
2026-03-19 22:35:29,28.61309595922049,77.20949137391761,pothole_3.jpg
2026-03-19 22:35:29,28.61466844501765,77.20985944486783,pothole_4.jpg
2026-03-19 22:35:29,28.61429643280748,77.20935793630234,pothole_5.jpg
2026-03-19 22:35:29,28.61327768337279,77.20953472928178,pothole_6.jpg
2026-03-19 22:35:29,28.613038217055564,77.20812277774286,pothole_7.jpg
2026-03-19 22:35:29,28.614353692099158,77.20945249820589,pothole_8.jpg
2026-03-19 22:35:30,28.61309858823214,77.20839563050065,pothole_9.jpg
2026-03-19 22:35:30,28.612995795287556,77.20837040286533,pothole_10.jpg
2026-03-19 22:35:30,28.614772541403877,77.20848717921103,pothole_11.jpg
2026-03-19 22:35:30,28.61488521238314,77.20953850414715,pothole_12.jpg
2026-03-19 22:35:30,28.613604292684872,77.20959061235538,pothole_13.jpg
2026-03-19 22:35:31,28.614645865017366,77.20810161085812,pothole_14.jpg
2026-03-19 22:35:31,28.61449436929179,77.20843098321396,pothole_15.jpg
2026-03-19 22:35:31,28.613653868934637,77.20804543980316,pothole_16.jpg
2026-03-19 22:35:31,28.6139849364086,77.2087608383164,pothole_17.jpg
2026-03-19 22:35:32,28.613818655810523,77.20872535319111,pothole_18.jpg
2026-03-19 22:35:32,28.614031473522527,77.20857557913882,pothole_19.jpg
2026-03-19 22:35:32,28.61422067124897,77.20852993793729,pothole_20.jpg
2026-03-19 22:35:32,28.614110011059477,77.20830564376737,pothole_21.jpg
2026-03-19 22:35:32,28.613027194269883,77.20998014844292,pothole_22.jpg
2026-03-19 22:35:33,28.613177436465833,77.20834471381357,pothole_23.jpg
2026-03-19 22:35:33,28.614427476193363,77.20996831196028,pothole_24.jpg
2026-03-19 22:35:33,28.613905080156623,77.20919679351414,pothole_25.jpg
2026-03-19 22:35:33,28.614166806312962,77.2087939647536,pothole_26.jpg
2026-03-19 22:35:33,28.614794962232008,77.20880956934238,pothole_27.jpg
2026-03-19 22:35:33,28.613603630130182,77.20907920155739,pothole_28.jpg
2026-03-19 22:35:33,28.614844170484954,77.20854208693798,pothole_29.jpg
2026-03-19 22:35:34,28.61311787702088,77.20834544821226,pothole_30.jpg
2026-03-19 22:35:34,28.613040338447213,77.2096601859205,pothole_31.jpg
2026-03-19 22:35:34,28.613390197927387,77.20813693959902,pothole_32.jpg
2026-03-19 22:35:34,28.612943094642976,77.20858472586752,pothole_33.jpg
2026-03-19 22:35:34,28.61305193851368,77.20946498217715,pothole_34.jpg
2026-03-19 22:35:34,28.614606613941394,77.20953875159991,pothole_35.jpg
2026-03-19 22:35:35,28.613487881658806,77.2094562183142,pothole_36.jpg
2026-03-19 22:35:35,28.61355531037457,77.20947076347484,pothole_37.jpg
2026-03-19 22:35:35,28.614699924624375,77.20902728014254,pothole_38.jpg
2026-03-19 22:35:35,28.612966675041584,77.20905730284753,pothole_39.jpg
2026-03-19 22:35:35,28.613272092187277,77.20895909490059,pothole_40.jpg
2026-03-19 22:35:36,28.61484771944372,77.20956045381892,pothole_41.jpg
2026-03-19 22:35:36,28.61342641162915,77.20939984011419,pothole_42.jpg
2026-03-19 22:35:36,28.613550485334372,77.20994195147462,pothole_43.jpg
2026-03-19 22:35:36,28.613744343907133,77.20972223816764,pothole_44.jpg
2026-03-19 22:35:36,28.613581280321625,77.20887192274692,pothole_45.jpg
2026-03-19 22:35:36,28.613154988352466,77.20880517797407,pothole_46.jpg
2026-03-19 22:35:37,28.614556153410366,77.20896952189332,pothole_47.jpg
2026-03-19 22:35:37,28.614117625157174,77.20872342117032,pothole_48.jpg
2026-03-19 22:35:37,28.613230050862292,77.20842390073845,pothole_49.jpg
2026-03-19 22:35:37,28.61402943270843,77.2088589714692,pothole_50.jpg
2026-03-19 22:35:37,28.613001026350627,77.20862465187788,pothole_51.jpg
2026-03-19 22:35:37,28.61423845323982,77.20901781945726,pothole_52.jpg
2026-03-19 22:35:38,28.61326991848513,77.20977464316904,pothole_53.jpg
2026-03-19 22:35:38,28.614790567984738,77.20972563203223,pothole_54.jpg
2026-03-19 22:35:38,28.61426119114331,77.20974440877684,pothole_55.jpg
2026-03-19 22:35:38,28.613311126153118,77.20947514807447,pothole_56.jpg
2026-03-19 22:35:38,28.61414763725101,77.20804248142989,pothole_57.jpg
2026-03-19 22:35:38,28.613236099943347,77.2083242958683,pothole_58.jpg
2026-03-19 22:35:39,28.614500347969102,77.20983700670224,pothole_59.jpg
2026-03-19 22:35:39,28.613905683812312,77.20883251229105,pothole_60.jpg
2026-03-19 22:35:39,28.61376602421325,77.20877746592245,pothole_61.jpg
2026-03-19 22:35:39,28.61469386275854,77.20804081402393,pothole_62.jpg
2026-03-19 22:35:39,28.61411047580615,77.20858585100807,pothole_63.jpg
2026-03-19 22:35:39,28.613816226901502,77.208559275323,pothole_64.jpg
2026-03-19 22:35:39,28.614866440405798,77.20856125307866,pothole_65.jpg
2026-03-19 22:35:40,28.61436827288559,77.20881643727995,pothole_66.jpg
2026-03-19 22:35:40,28.61459478141005,77.20914938444183,pothole_67.jpg
2026-03-19 22:35:40,28.61343335924744,77.20910714208075,pothole_68.jpg
2026-03-19 22:35:40,28.614637667815217,77.20845044482289,pothole_69.jpg
2026-03-19 22:35:40,28.61457725403106,77.20827590865366,pothole_70.jpg
2026-03-19 22:35:40,28.614178800060024,77.20922793354944,pothole_71.jpg
2026-03-19 22:35:41,28.613431432483477,77.20846119574627,pothole_72.jpg
2026-03-19 22:35:41,28.613484953835556,77.20963648891477,pothole_73.jpg
2026-03-19 22:35:41,28.61445114739626,77.2099476693312,pothole_74.jpg
2026-03-19 22:35:41,28.61359733529822,77.2080916483892,pothole_75.jpg
2026-03-19 22:35:42,28.613347251787328,77.20871383309812,pothole_76.jpg
2026-03-19 22:35:42,28.61302183944021,77.20856290803039,pothole_77.jpg
2026-03-19 22:35:42,28.61451695892205,77.20958865126852,pothole_78.jpg
2026-03-19 22:35:42,28.61337929446058,77.20850197037585,pothole_79.jpg
2026-03-19 22:35:42,28.613196252921895,77.20986352126005,pothole_80.jpg
2026-03-19 22:35:43,28.613026960787828,77.20987029879832,pothole_81.jpg
2026-03-19 22:35:43,28.613034587573924,77.20953483765008,pothole_82.jpg
2026-03-19 22:35:43,28.61425071499353,77.20936585383056,pothole_83.jpg
2026-03-19 22:35:43,28.614753703284403,77.20955233949157,pothole_84.jpg
2026-03-19 22:35:43,28.614441649713427,77.20808900001421,pothole_85.jpg
2026-03-19 22:35:43,28.61351815412605,77.20978663346214,pothole_86.jpg
2026-03-19 22:35:44,28.61427703389275,77.20999049759156,pothole_87.jpg
2026-03-19 22:35:44,28.61299000191734,77.20945037219276,pothole_88.jpg
2026-03-19 22:35:44,28.613731672665523,77.20866373005308,pothole_89.jpg
2026-03-19 22:35:44,28.613225049192035,77.20947720702046,pothole_90.jpg
2026-03-19 22:35:44,28.613509616724876,77.20952120620856,pothole_91.jpg
2026-03-19 22:35:44,28.613939397015688,77.20892684275418,pothole_92.jpg
2026-03-19 22:35:45,28.614776229569383,77.20902421187303,pothole_93.jpg
2026-03-19 22:35:45,28.613276111977928,77.20987279328546,pothole_94.jpg
2026-03-19 22:35:45,28.61434827901811,77.20967899986998,pothole_95.jpg
2026-03-19 22:35:45,28.61404548313331,77.20823413642692,pothole_96.jpg
2026-03-19 22:35:45,28.61370137193433,77.2082746509089,pothole_97.jpg
2026-03-19 22:35:45,28.614402166336948,77.20965488118291,pothole_98.jpg
2026-03-19 22:35:46,28.613052782469886,77.20933542113396,pothole_99.jpg
2026-03-19 22:35:46,28.613201347269772,77.20945972380154,pothole_100.jpg
2026-03-19 22:35:46,28.613654718944225,77.20953556917772,pothole_101.jpg
2026-03-19 22:35:46,28.614572722390655,77.20923826451235,pothole_102.jpg
2026-03-19 22:35:46,28.613945971807894,77.20921882932367,pothole_103.jpg
